{"cameraMode":{"drawMode":0,"name":"Shaded","section":"Shading Mode"},"sceneLighting":false,"audioPlay":false,"sceneViewState":{"showFog":true,"showMaterialUpdate":false,"showSkybox":false,"showFlares":true,"showImageEffects":true,"showParticleSystems":true},"in2DMode":false,"pivot":{"x":-0.42001697421073916,"y":1.6044846773147584,"z":0.1560920774936676},"rotation":{"x":0.027993949130177499,"y":0.8832188844680786,"z":-0.46523091197013857,"w":0.05336857587099075},"size":0.4818376302719116,"orthographic":false}