{"cameraMode":{"drawMode":0,"name":"Shaded","section":"Shading Mode"},"sceneLighting":true,"audioPlay":false,"sceneViewState":{"showFog":true,"showMaterialUpdate":false,"showSkybox":true,"showFlares":true,"showImageEffects":true,"showParticleSystems":true},"in2DMode":false,"pivot":{"x":384.1944580078125,"y":406.52197265625,"z":92.90557861328125},"rotation":{"x":-0.08869417756795883,"y":-0.005387052893638611,"z":0.0004472523578442633,"w":-0.9960850477218628},"size":719.9454956054688,"orthographic":false}