{"cameraMode":{"drawMode":0,"name":"Shaded","section":"Shading Mode"},"sceneLighting":false,"audioPlay":false,"sceneViewState":{"showFog":true,"showMaterialUpdate":false,"showSkybox":false,"showFlares":true,"showImageEffects":true,"showParticleSystems":true},"in2DMode":false,"pivot":{"x":-0.32628288865089419,"y":-5.46390962600708,"z":7.63596773147583},"rotation":{"x":-0.29859957098960879,"y":0.023460671305656434,"z":-0.007382032927125692,"w":-0.9541002511978149},"size":11.95093059539795,"orthographic":false}