{"cameraMode":{"drawMode":0,"name":"Shaded","section":"Shading Mode"},"sceneLighting":false,"audioPlay":false,"sceneViewState":{"showFog":true,"showMaterialUpdate":false,"showSkybox":false,"showFlares":true,"showImageEffects":true,"showParticleSystems":true},"in2DMode":false,"pivot":{"x":0.1257784217596054,"y":-0.4081317186355591,"z":0.7044942378997803},"rotation":{"x":-0.0991489514708519,"y":-0.0009037347044795752,"z":0.000057313718571094796,"w":-0.9951047897338867},"size":3.157883644104004,"orthographic":false}