{"cameraMode":{"drawMode":0,"name":"Shaded","section":"Shading Mode"},"sceneLighting":false,"audioPlay":false,"sceneViewState":{"showFog":true,"showMaterialUpdate":false,"showSkybox":false,"showFlares":true,"showImageEffects":true,"showParticleSystems":true},"in2DMode":false,"pivot":{"x":6.289263725280762,"y":-2.1489486694335939,"z":2.444554328918457},"rotation":{"x":-0.10073581337928772,"y":-0.5402733683586121,"z":0.06525453180074692,"w":-0.832943320274353},"size":11.026543617248536,"orthographic":false}