{"cameraMode":{"drawMode":0,"name":"Shaded","section":"Shading Mode"},"sceneLighting":false,"audioPlay":false,"sceneViewState":{"showFog":true,"showMaterialUpdate":false,"showSkybox":false,"showFlares":true,"showImageEffects":true,"showParticleSystems":true},"in2DMode":false,"pivot":{"x":0.6253602504730225,"y":-6.0122456550598148,"z":7.2320027351379398},"rotation":{"x":-0.32566574215888979,"y":-0.023556161671876909,"z":0.008076231926679612,"w":-0.9451960921287537},"size":12.866842269897461,"orthographic":false}